/*!40101 SET @OLD_CHARACTER_SET_CLIENT=@@CHARACTER_SET_CLIENT */;
/*!40101 SET @OLD_CHARACTER_SET_RESULTS=@@CHARACTER_SET_RESULTS */;
/*!40101 SET @OLD_COLLATION_CONNECTION=@@COLLATION_CONNECTION */;
/*!40101 SET NAMES utf8mb4 */;
/*!40014 SET @OLD_UNIQUE_CHECKS=@@UNIQUE_CHECKS, UNIQUE_CHECKS=0 */;
/*!40014 SET @OLD_FOREIGN_KEY_CHECKS=@@FOREIGN_KEY_CHECKS, FOREIGN_KEY_CHECKS=0 */;
/*!40101 SET @OLD_SQL_MODE=@@SQL_MODE, SQL_MODE='NO_AUTO_VALUE_ON_ZERO' */;
/*!40111 SET @OLD_SQL_NOTES=@@SQL_NOTES, SQL_NOTES=0 */;

DROP TABLE IF EXISTS `candidatos`;
CREATE TABLE `candidatos` (
  `id_candidato` int(11) NOT NULL AUTO_INCREMENT,
  `nombre` varchar(100) NOT NULL,
  `apellido` varchar(100) NOT NULL,
  PRIMARY KEY (`id_candidato`)
) ENGINE=InnoDB AUTO_INCREMENT=3 DEFAULT CHARSET=utf8mb4 COLLATE=utf8mb4_unicode_ci;

DROP TABLE IF EXISTS `cities`;
CREATE TABLE `cities` (
  `id_city` int(10) unsigned NOT NULL AUTO_INCREMENT,
  `id_region` int(10) unsigned NOT NULL,
  `id_country` int(10) unsigned NOT NULL,
  `name` varchar(50) NOT NULL,
  PRIMARY KEY (`id_city`),
  KEY `FK_cities_regions` (`id_region`),
  KEY `FK_cities_countries` (`id_country`),
  CONSTRAINT `FK_cities_countries` FOREIGN KEY (`id_country`) REFERENCES `countries` (`id_country`),
  CONSTRAINT `FK_cities_regions` FOREIGN KEY (`id_region`) REFERENCES `regions` (`id_region`)
) ENGINE=InnoDB AUTO_INCREMENT=694 DEFAULT CHARSET=utf8mb4 COLLATE=utf8mb4_unicode_ci;

DROP TABLE IF EXISTS `countries`;
CREATE TABLE `countries` (
  `id_country` int(10) unsigned NOT NULL AUTO_INCREMENT,
  `name` varchar(50) NOT NULL,
  PRIMARY KEY (`id_country`)
) ENGINE=InnoDB AUTO_INCREMENT=3 DEFAULT CHARSET=utf8mb4 COLLATE=utf8mb4_unicode_ci;

DROP TABLE IF EXISTS `regions`;
CREATE TABLE `regions` (
  `id_region` int(10) unsigned NOT NULL AUTO_INCREMENT,
  `id_country` int(10) unsigned NOT NULL,
  `name` varchar(50) NOT NULL,
  PRIMARY KEY (`id_region`),
  KEY `FK_regions_countries` (`id_country`),
  CONSTRAINT `FK_regions_countries` FOREIGN KEY (`id_country`) REFERENCES `countries` (`id_country`)
) ENGINE=InnoDB AUTO_INCREMENT=114 DEFAULT CHARSET=utf8mb4 COLLATE=utf8mb4_unicode_ci;

DROP TABLE IF EXISTS `votos`;
CREATE TABLE `votos` (
  `id` int(11) NOT NULL AUTO_INCREMENT,
  `nombre` varchar(255) NOT NULL,
  `alias` varchar(255) DEFAULT NULL,
  `rut` varchar(15) NOT NULL,
  `email` varchar(255) NOT NULL,
  `id_region` int(11) NOT NULL,
  `id_city` int(11) NOT NULL,
  `id_candidato` int(11) NOT NULL,
  `fuentes` varchar(255) DEFAULT NULL,
  `fecha_voto` timestamp NULL DEFAULT current_timestamp(),
  PRIMARY KEY (`id`)
) ENGINE=InnoDB DEFAULT CHARSET=utf8mb4 COLLATE=utf8mb4_unicode_ci;

INSERT INTO `candidatos` (`id_candidato`, `nombre`, `apellido`) VALUES
(1, 'Juan', 'Perez');
INSERT INTO `candidatos` (`id_candidato`, `nombre`, `apellido`) VALUES
(2, 'José', 'Rodriguez');


INSERT INTO `cities` (`id_city`, `id_region`, `id_country`, `name`) VALUES
(348, 1, 1, 'Arica');
INSERT INTO `cities` (`id_city`, `id_region`, `id_country`, `name`) VALUES
(349, 1, 1, 'Camarones');
INSERT INTO `cities` (`id_city`, `id_region`, `id_country`, `name`) VALUES
(350, 1, 1, 'Putre');
INSERT INTO `cities` (`id_city`, `id_region`, `id_country`, `name`) VALUES
(351, 1, 1, 'General Lagos'),
(352, 2, 1, 'Iquique'),
(353, 2, 1, 'Alto Hospicio'),
(354, 2, 1, 'Pozo Almonte'),
(355, 2, 1, 'Camiña'),
(356, 2, 1, 'Colchane'),
(357, 2, 1, 'Huara'),
(358, 2, 1, 'Pica'),
(359, 3, 1, 'Antofagasta'),
(360, 3, 1, 'Mejillones'),
(361, 3, 1, 'Sierra Gorda'),
(362, 3, 1, 'Taltal'),
(363, 3, 1, 'Calama'),
(364, 3, 1, 'Ollagüe'),
(365, 3, 1, 'San Pedro de Atacama'),
(366, 3, 1, 'Tocopilla'),
(367, 3, 1, 'María Elena'),
(368, 4, 1, 'Copiapó'),
(369, 4, 1, 'Caldera'),
(370, 4, 1, 'Tierra Amarilla'),
(371, 4, 1, 'Chañaral'),
(372, 4, 1, 'Diego de Almagro'),
(373, 4, 1, 'Vallenar'),
(374, 4, 1, 'Alto del Carmen'),
(375, 4, 1, 'Freirina'),
(376, 4, 1, 'Huasco'),
(377, 5, 1, 'La Serena'),
(378, 5, 1, 'Coquimbo'),
(379, 5, 1, 'Andacollo'),
(380, 5, 1, 'La Higuera'),
(381, 5, 1, 'Paihuano'),
(382, 5, 1, 'Vicuña'),
(383, 5, 1, 'Illapel'),
(384, 5, 1, 'Canela'),
(385, 5, 1, 'Los Vilos'),
(386, 5, 1, 'Salamanca'),
(387, 5, 1, 'Ovalle'),
(388, 5, 1, 'Combarbalá'),
(389, 5, 1, 'Monte Patria'),
(390, 5, 1, 'Punitaqui'),
(391, 5, 1, 'Río Hurtado'),
(392, 6, 1, 'Valparaíso'),
(393, 6, 1, 'Casablanca'),
(394, 6, 1, 'Concón'),
(395, 6, 1, 'Juan Fernández'),
(396, 6, 1, 'Puchuncaví'),
(397, 6, 1, 'Quintero'),
(398, 6, 1, 'Viña del Mar'),
(399, 6, 1, 'Isla de Pascua'),
(400, 6, 1, 'Los Andes'),
(401, 6, 1, 'Calle Larga'),
(402, 6, 1, 'Rinconada'),
(403, 6, 1, 'San Esteban'),
(404, 6, 1, 'La Ligua'),
(405, 6, 1, 'Cabildo'),
(406, 6, 1, 'Papudo'),
(407, 6, 1, 'Petorca'),
(408, 6, 1, 'Zapallar'),
(409, 6, 1, 'Quillota'),
(410, 6, 1, 'La Calera'),
(411, 6, 1, 'Hijuelas'),
(412, 6, 1, 'La Cruz'),
(413, 6, 1, 'Nogales'),
(414, 6, 1, 'San Antonio'),
(415, 6, 1, 'Algarrobo'),
(416, 6, 1, 'Cartagena'),
(417, 6, 1, 'El Quisco'),
(418, 6, 1, 'El Tabo'),
(419, 6, 1, 'Santo Domingo'),
(420, 6, 1, 'San Felipe'),
(421, 6, 1, 'Catemu'),
(422, 6, 1, 'Llay-Llay'),
(423, 6, 1, 'Panquehue'),
(424, 6, 1, 'Putaendo'),
(425, 6, 1, 'Santa María'),
(426, 6, 1, 'Quilpué'),
(427, 6, 1, 'Limache'),
(428, 6, 1, 'Olmué'),
(429, 6, 1, 'Villa Alemana'),
(430, 8, 1, 'Rancagua'),
(431, 8, 1, 'Codegua'),
(432, 8, 1, 'Coinco'),
(433, 8, 1, 'Coltauco'),
(434, 8, 1, 'Doñihue'),
(435, 8, 1, 'Graneros'),
(436, 8, 1, 'Las Cabras'),
(437, 8, 1, 'Machalí'),
(438, 8, 1, 'Malloa'),
(439, 8, 1, 'Mostazal'),
(440, 8, 1, 'Olivar'),
(441, 8, 1, 'Peumo'),
(442, 8, 1, 'Pichidegua'),
(443, 8, 1, 'Quinta de Tilcoco'),
(444, 8, 1, 'Rengo'),
(445, 8, 1, 'Requínoa'),
(446, 8, 1, 'San Vicente'),
(447, 8, 1, 'Pichilemu'),
(448, 8, 1, 'La Estrella'),
(449, 8, 1, 'Litueche'),
(450, 8, 1, 'Marchihue'),
(451, 8, 1, 'Navidad'),
(452, 8, 1, 'Paredones'),
(453, 8, 1, 'San Fernando'),
(454, 8, 1, 'Chépica'),
(455, 8, 1, 'Chimbarongo'),
(456, 8, 1, 'Lolol'),
(457, 8, 1, 'Nancagua'),
(458, 8, 1, 'Palmilla'),
(459, 8, 1, 'Peralillo'),
(460, 8, 1, 'Placilla'),
(461, 8, 1, 'Pumanque'),
(462, 8, 1, 'Santa Cruz'),
(463, 9, 1, 'Talca'),
(464, 9, 1, 'Constitución'),
(465, 9, 1, 'Curepto'),
(466, 9, 1, 'Empedrado'),
(467, 9, 1, 'Maule'),
(468, 9, 1, 'Pelarco'),
(469, 9, 1, 'Pencahue'),
(470, 9, 1, 'Río Claro'),
(471, 9, 1, 'San Clemente'),
(472, 9, 1, 'San Rafael'),
(473, 9, 1, 'Cauquenes'),
(474, 9, 1, 'Chanco'),
(475, 9, 1, 'Pelluhue'),
(476, 9, 1, 'Curicó'),
(477, 9, 1, 'Hualañé'),
(478, 9, 1, 'Licantén'),
(479, 9, 1, 'Molina'),
(480, 9, 1, 'Rauco'),
(481, 9, 1, 'Romeral'),
(482, 9, 1, 'Sagrada Familia'),
(483, 9, 1, 'Teno'),
(484, 9, 1, 'Vichuquén'),
(485, 9, 1, 'Linares'),
(486, 9, 1, 'Colbún'),
(487, 9, 1, 'Longaví'),
(488, 9, 1, 'Parral'),
(489, 9, 1, 'Retiro'),
(490, 9, 1, 'San Javier'),
(491, 9, 1, 'Villa Alegre'),
(492, 9, 1, 'Yerbas Buenas'),
(493, 10, 1, 'Chillán'),
(494, 10, 1, 'Bulnes'),
(495, 10, 1, 'Chillán Viejo'),
(496, 10, 1, 'El Carmen'),
(497, 10, 1, 'Pemuco'),
(498, 10, 1, 'Pinto'),
(499, 10, 1, 'Quillón'),
(500, 10, 1, 'San Ignacio'),
(501, 10, 1, 'Yungay'),
(502, 10, 1, 'Quirihue'),
(503, 10, 1, 'Cobquecura'),
(504, 10, 1, 'Coelemu'),
(505, 10, 1, 'Ninhue'),
(506, 10, 1, 'Portezuelo'),
(507, 10, 1, 'Ránquil'),
(508, 10, 1, 'Treguaco'),
(509, 10, 1, 'San Carlos'),
(510, 10, 1, 'Coihueco'),
(511, 10, 1, 'Ñiquén'),
(512, 10, 1, 'San Fabián'),
(513, 10, 1, 'San Nicolás'),
(514, 11, 1, 'Concepción'),
(515, 11, 1, 'Coronel'),
(516, 11, 1, 'Chiguayante'),
(517, 11, 1, 'Florida'),
(518, 11, 1, 'Hualqui'),
(519, 11, 1, 'Lota'),
(520, 11, 1, 'Penco'),
(521, 11, 1, 'San Pedro de La Paz'),
(522, 11, 1, 'Santa Juana'),
(523, 11, 1, 'Talcahuano'),
(524, 11, 1, 'Tomé'),
(525, 11, 1, 'Hualpén'),
(526, 11, 1, 'Lebu'),
(527, 11, 1, 'Arauco'),
(528, 11, 1, 'Cañete'),
(529, 11, 1, 'Contulmo'),
(530, 11, 1, 'Curanilahue'),
(531, 11, 1, 'Los Álamos'),
(532, 11, 1, 'Tirúa'),
(533, 11, 1, 'Los Ángeles'),
(534, 11, 1, 'Antuco'),
(535, 11, 1, 'Cabrero'),
(536, 11, 1, 'Laja'),
(537, 11, 1, 'Mulchén'),
(538, 11, 1, 'Nacimiento'),
(539, 11, 1, 'Negrete'),
(540, 11, 1, 'Quilaco'),
(541, 11, 1, 'Quilleco'),
(542, 11, 1, 'San Rosendo'),
(543, 11, 1, 'Santa Bárbara'),
(544, 11, 1, 'Tucapel'),
(545, 11, 1, 'Yumbel'),
(546, 11, 1, 'Alto Biobío'),
(547, 12, 1, 'Temuco'),
(548, 12, 1, 'Carahue'),
(549, 12, 1, 'Cunco'),
(550, 12, 1, 'Curarrehue'),
(551, 12, 1, 'Freire'),
(552, 12, 1, 'Galvarino'),
(553, 12, 1, 'Gorbea'),
(554, 12, 1, 'Lautaro'),
(555, 12, 1, 'Loncoche'),
(556, 12, 1, 'Melipeuco'),
(557, 12, 1, 'Nueva Imperial'),
(558, 12, 1, 'Padre Las Casas');
INSERT INTO `cities` (`id_city`, `id_region`, `id_country`, `name`) VALUES
(559, 12, 1, 'Perquenco'),
(560, 12, 1, 'Pitrufquén'),
(561, 12, 1, 'Pucón'),
(562, 12, 1, 'Saavedra'),
(563, 12, 1, 'Teodoro Schmidt'),
(564, 12, 1, 'Toltén'),
(565, 12, 1, 'Vilcún'),
(566, 12, 1, 'Villarrica'),
(567, 12, 1, 'Cholchol'),
(568, 12, 1, 'Angol'),
(569, 12, 1, 'Collipulli'),
(570, 12, 1, 'Curacautín'),
(571, 12, 1, 'Ercilla'),
(572, 12, 1, 'Lonquimay'),
(573, 12, 1, 'Los Sauces'),
(574, 12, 1, 'Lumaco'),
(575, 12, 1, 'Purén'),
(576, 12, 1, 'Renaico'),
(577, 12, 1, 'Traiguén'),
(578, 12, 1, 'Victoria'),
(579, 13, 1, 'Valdivia'),
(580, 13, 1, 'Corral'),
(581, 13, 1, 'Lanco'),
(582, 13, 1, 'Los Lagos'),
(583, 13, 1, 'Máfil'),
(584, 13, 1, 'Mariquina'),
(585, 13, 1, 'Paillaco'),
(586, 13, 1, 'Panguipulli'),
(587, 13, 1, 'La Unión'),
(588, 13, 1, 'Futrono'),
(589, 13, 1, 'Lago Ranco'),
(590, 13, 1, 'Río Bueno'),
(591, 14, 1, 'Puerto Montt'),
(592, 14, 1, 'Calbuco'),
(593, 14, 1, 'Cochamó'),
(594, 14, 1, 'Fresia'),
(595, 14, 1, 'Frutillar'),
(596, 14, 1, 'Los Muermos'),
(597, 14, 1, 'Llanquihue'),
(598, 14, 1, 'Maullín'),
(599, 14, 1, 'Puerto Varas'),
(600, 14, 1, 'Castro'),
(601, 14, 1, 'Ancud'),
(602, 14, 1, 'Chonchi'),
(603, 14, 1, 'Curaco de Vélez'),
(604, 14, 1, 'Dalcahue'),
(605, 14, 1, 'Puqueldón'),
(606, 14, 1, 'Queilén'),
(607, 14, 1, 'Quellón'),
(608, 14, 1, 'Quemchi'),
(609, 14, 1, 'Quinchao'),
(610, 14, 1, 'Osorno'),
(611, 14, 1, 'Puerto Octay'),
(612, 14, 1, 'Purranque'),
(613, 14, 1, 'Puyehue'),
(614, 14, 1, 'Río Negro'),
(615, 14, 1, 'San Juan de la Costa'),
(616, 14, 1, 'San Pablo'),
(617, 14, 1, 'Chaitén'),
(618, 14, 1, 'Futaleufú'),
(619, 14, 1, 'Hualaihué'),
(620, 14, 1, 'Palena'),
(621, 15, 1, 'Coyhaique'),
(622, 15, 1, 'Lago Verde'),
(623, 15, 1, 'Aysén'),
(624, 15, 1, 'Cisnes'),
(625, 15, 1, 'Guaitecas'),
(626, 15, 1, 'Cochrane'),
(627, 15, 1, 'OHiggins'),
(628, 15, 1, 'Tortel'),
(629, 15, 1, 'Chile Chico'),
(630, 15, 1, 'Río Ibáñez'),
(631, 16, 1, 'Punta Arenas'),
(632, 16, 1, 'Laguna Blanca'),
(633, 16, 1, 'Río Verde'),
(634, 16, 1, 'San Gregorio'),
(635, 16, 1, 'Cabo de Hornos'),
(636, 16, 1, 'Antártica'),
(637, 16, 1, 'Porvenir'),
(638, 16, 1, 'Primavera'),
(639, 16, 1, 'Timaukel'),
(640, 16, 1, 'Natales'),
(641, 16, 1, 'Torres del Paine'),
(642, 7, 1, 'Santiago'),
(643, 7, 1, 'Cerrillos'),
(644, 7, 1, 'Cerro Navia'),
(645, 7, 1, 'Conchalí'),
(646, 7, 1, 'El Bosque'),
(647, 7, 1, 'Estación Central'),
(648, 7, 1, 'Huechuraba'),
(649, 7, 1, 'Independencia'),
(650, 7, 1, 'La Cisterna'),
(651, 7, 1, 'La Florida'),
(652, 7, 1, 'La Granja'),
(653, 7, 1, 'La Pintana'),
(654, 7, 1, 'La Reina'),
(655, 7, 1, 'Las Condes'),
(656, 7, 1, 'Lo Barnechea'),
(657, 7, 1, 'Lo Espejo'),
(658, 7, 1, 'Lo Prado'),
(659, 7, 1, 'Macul'),
(660, 7, 1, 'Maipú'),
(661, 7, 1, 'Ñuñoa'),
(662, 7, 1, 'Pedro Aguirre Cerda'),
(663, 7, 1, 'Peñalolén'),
(664, 7, 1, 'Providencia'),
(665, 7, 1, 'Pudahuel'),
(666, 7, 1, 'Quilicura'),
(667, 7, 1, 'Quinta Normal'),
(668, 7, 1, 'Recoleta'),
(669, 7, 1, 'Renca'),
(670, 7, 1, 'San Joaquín'),
(671, 7, 1, 'San Miguel'),
(672, 7, 1, 'San Ramón'),
(673, 7, 1, 'Vitacura'),
(674, 7, 1, 'Puente Alto'),
(675, 7, 1, 'Pirque'),
(676, 7, 1, 'San José de Maipo'),
(677, 7, 1, 'Colina'),
(678, 7, 1, 'Lampa'),
(679, 7, 1, 'Til Til'),
(680, 7, 1, 'San Bernardo'),
(681, 7, 1, 'Buin'),
(682, 7, 1, 'Calera de Tango'),
(683, 7, 1, 'Paine'),
(684, 7, 1, 'Melipilla'),
(685, 7, 1, 'Alhué'),
(686, 7, 1, 'Curacaví'),
(687, 7, 1, 'María Pinto'),
(688, 7, 1, 'San Pedro'),
(689, 7, 1, 'Talagante'),
(690, 7, 1, 'El Monte'),
(691, 7, 1, 'Isla de Maipo'),
(692, 7, 1, 'Padre Hurtado'),
(693, 7, 1, 'Peñaflor');

INSERT INTO `countries` (`id_country`, `name`) VALUES
(1, 'Chile');


INSERT INTO `regions` (`id_region`, `id_country`, `name`) VALUES
(1, 1, 'Región de Arica y Parinacota');
INSERT INTO `regions` (`id_region`, `id_country`, `name`) VALUES
(2, 1, 'Región de Tarapacá');
INSERT INTO `regions` (`id_region`, `id_country`, `name`) VALUES
(3, 1, 'Región de Antofagasta');
INSERT INTO `regions` (`id_region`, `id_country`, `name`) VALUES
(4, 1, 'Región de Atacama'),
(5, 1, 'Región de Coquimbo'),
(6, 1, 'Región de Valparaíso'),
(7, 1, 'Región Metropolitana de Santiago'),
(8, 1, 'Región del Libertador General Bernardo OHiggins'),
(9, 1, 'Región del Maule'),
(10, 1, 'Región de Ñuble'),
(11, 1, 'Región del Biobío'),
(12, 1, 'Región de La Araucanía'),
(13, 1, 'Región de Los Ríos'),
(14, 1, 'Región de Los Lagos'),
(15, 1, 'Región Aysén del General Carlos Ibáñez del Campo'),
(16, 1, 'Región de Magallanes y de la Antártica Chilena');




/*!40101 SET SQL_MODE=@OLD_SQL_MODE */;
/*!40014 SET FOREIGN_KEY_CHECKS=@OLD_FOREIGN_KEY_CHECKS */;
/*!40014 SET UNIQUE_CHECKS=@OLD_UNIQUE_CHECKS */;
/*!40101 SET CHARACTER_SET_CLIENT=@OLD_CHARACTER_SET_CLIENT */;
/*!40101 SET CHARACTER_SET_RESULTS=@OLD_CHARACTER_SET_RESULTS */;
/*!40101 SET COLLATION_CONNECTION=@OLD_COLLATION_CONNECTION */;
/*!40111 SET SQL_NOTES=@OLD_SQL_NOTES */;